file,sha-256 hash,time
C:\Users\jaris\Downloads\hashTest\file1 - Copy (2).txt,e3b0c44298fc1c149afbf4c8996fb92427ae41e4649b934ca495991b7852b855,2025-10-29 16:14:10
C:\Users\jaris\Downloads\hashTest\file1 - Copy (3).txt,e3b0c44298fc1c149afbf4c8996fb92427ae41e4649b934ca495991b7852b855,2025-10-29 16:14:10
C:\Users\jaris\Downloads\hashTest\file1 - Copy (4).txt,e3b0c44298fc1c149afbf4c8996fb92427ae41e4649b934ca495991b7852b855,2025-10-29 16:14:10
C:\Users\jaris\Downloads\hashTest\file1 - Copy (5).txt,e3b0c44298fc1c149afbf4c8996fb92427ae41e4649b934ca495991b7852b855,2025-10-29 16:14:10
C:\Users\jaris\Downloads\hashTest\file1 - Copy (6).txt,e3b0c44298fc1c149afbf4c8996fb92427ae41e4649b934ca495991b7852b855,2025-10-29 16:14:10
C:\Users\jaris\Downloads\hashTest\file1 - Copy.txt,e3b0c44298fc1c149afbf4c8996fb92427ae41e4649b934ca495991b7852b855,2025-10-29 16:14:10
C:\Users\jaris\Downloads\hashTest\file1.txt,e3b0c44298fc1c149afbf4c8996fb92427ae41e4649b934ca495991b7852b855,2025-10-29 16:14:10
C:\Users\jaris\Downloads\hashTest\file_hashes.csv,0e89289eb4f123edacca9986534b7f2bdb384a856d8665719a9e16c5d21d23a9,2025-10-29 16:14:10
C:\Users\jaris\Downloads\hashTest\question1.py,236f83dc4de2771c53e28729c576cd4989f4ef92dd22337495a916c1980a5a10,2025-10-29 16:14:10
